QF,BER,Accuracy,Status
100,0.0,1.0,OK
95,0.0,1.0,OK
90,0.0,1.0,OK
80,0.0,1.0,OK
70,0.0,1.0,OK
60,0.0,1.0,OK
50,0.0,1.0,OK
40,0.0,1.0,OK
30,0.0458984375,0.9541015625,OK
20,0.185546875,0.814453125,GAGAL
10,0.14453125,0.85546875,GAGAL
5,0.08984375,0.91015625,GAGAL
